id,first_name,last_name,email,gender,ip_address
1,Burty,Chase,bchase0@imgur.com,Male,231.247.95.6
2,Fin,Ramsdale,framsdale1@toplist.cz,Male,28.166.211.105
3,Ophelie,Ruppel,oruppel2@behance.net,Male,196.19.149.106
4,Angeline,Gremain,agremain3@army.mil,Male,79.145.173.44
5,Hewitt,Wreiford,hwreiford4@discuz.net,Male,185.99.25.98
6,Samuele,Harry,sharry5@geocities.jp,Female,121.134.149.191
7,Mayne,Vassbender,mvassbender6@alibaba.com,Female,16.185.116.238
8,Dru,Grover,dgrover7@soup.io,Female,135.201.109.239
9,Timotheus,Melan,tmelan8@indiegogo.com,Female,199.40.33.213
10,Devy,Screase,dscrease9@vkontakte.ru,Male,35.12.62.59
11,Russ,Swiffin,rswiffina@dion.ne.jp,Male,255.139.179.177
12,Benedikt,Human,bhumanb@amazon.de,Genderfluid,98.22.153.187
13,Franzen,Johnes,fjohnesc@hatena.ne.jp,Female,40.61.110.215
14,Giavani,Teanby,gteanbyd@forbes.com,Male,114.28.87.4
15,Kellsie,Porker,kporkere@exblog.jp,Male,201.93.64.49
16,Pippo,Blatchford,pblatchfordf@hibu.com,Female,174.221.209.188
17,Julita,Lambotin,jlamboting@theatlantic.com,Female,123.27.41.96
18,Faythe,Jakubowski,fjakubowskih@sohu.com,Male,226.223.103.172
19,Ki,Petrecz,kpetreczi@yellowbook.com,Male,36.85.194.248
20,Derril,Lockney,dlockneyj@barnesandnoble.com,Genderqueer,233.143.219.112
21,Ottilie,Ellissen,oellissenk@phoca.cz,Male,42.240.118.88
22,Lucilia,Tomblings,ltomblingsl@blogger.com,Female,61.161.37.21
23,Marsh,Lancley,mlancleym@ft.com,Male,254.78.118.133
24,Kimbell,Smee,ksmeen@com.com,Male,75.43.174.189
25,Krishnah,McCracken,kmccrackeno@ucsd.edu,Male,213.241.232.38
26,Harcourt,Grimwad,hgrimwadp@opera.com,Female,153.71.214.159
27,Ariadne,Diggar,adiggarq@oracle.com,Female,155.106.181.74
28,Artemus,Gavrielli,agavriellir@npr.org,Male,230.99.164.153
29,Aron,Rusk,arusks@technorati.com,Female,185.213.20.168
30,Stephi,Cavaney,scavaneyt@uol.com.br,Female,204.54.92.105
31,Westbrook,Romer,wromeru@squarespace.com,Male,113.194.181.52
32,Zondra,Bittany,zbittanyv@washington.edu,Bigender,104.18.150.80
33,Teodor,Tedorenko,ttedorenkow@amazon.co.uk,Female,114.4.82.87
34,Hugibert,Norrey,hnorreyx@icio.us,Male,117.39.203.94
35,Sauncho,Myderscough,smyderscoughy@booking.com,Female,205.69.221.130
36,Imelda,Valentelli,ivalentelliz@examiner.com,Female,21.2.198.231
37,Alethea,Borrowman,aborrowman10@google.pl,Polygender,230.181.222.11
38,Daune,Banane,dbanane11@bloglovin.com,Female,92.243.190.122
39,Effie,Bonsale,ebonsale12@blog.com,Female,55.36.51.19
40,Stearn,Faichnie,sfaichnie13@google.fr,Male,80.56.225.78
41,Maisie,Joseff,mjoseff14@jigsy.com,Male,219.14.115.142
42,Jamima,Cordaroy,jcordaroy15@adobe.com,Female,18.45.182.182
43,Melonie,Mansbridge,mmansbridge16@4shared.com,Male,210.125.47.71
44,Kylie,Thistleton,kthistleton17@slashdot.org,Male,0.198.37.109
45,Illa,Scogin,iscogin18@google.ca,Female,40.174.253.164
46,Sissie,Pegrum,spegrum19@wunderground.com,Female,241.72.120.4
47,Dana,Thornally,dthornally1a@joomla.org,Male,17.156.192.92
48,Roberto,McIndoe,rmcindoe1b@berkeley.edu,Female,176.25.85.164
49,Natal,Hetterich,nhetterich1c@europa.eu,Male,190.95.215.204
50,Jacques,Dummett,jdummett1d@smugmug.com,Female,171.107.35.61
51,Michele,Wolfit,mwolfit1e@zimbio.com,Male,86.166.191.115
52,Breanne,Learmonth,blearmonth1f@wisc.edu,Male,108.0.84.158
53,Jennifer,Osan,josan1g@ucoz.ru,Male,23.219.103.133
54,Rosa,Carletti,rcarletti1h@accuweather.com,Male,84.86.106.182
55,Molly,Von Brook,mvonbrook1i@businesswire.com,Female,163.61.223.175
56,Fawn,Mansfield,fmansfield1j@whitehouse.gov,Male,205.72.52.73
57,Sheela,Katt,skatt1k@illinois.edu,Female,120.153.235.127
58,Cristiano,Coogan,ccoogan1l@360.cn,Female,171.75.216.56
59,Meryl,Farrants,mfarrants1m@npr.org,Male,16.187.135.69
60,Decca,Ruoss,druoss1n@naver.com,Female,234.201.198.11
61,Michaela,Deer,mdeer1o@spotify.com,Male,216.18.202.163
62,Carri,Kopecka,ckopecka1p@mac.com,Female,237.127.11.246
63,Brandon,Clegg,bclegg1q@bbc.co.uk,Male,109.17.187.156
64,Collen,Marshman,cmarshman1r@dailymail.co.uk,Female,142.41.162.235
65,Karyl,Tidbald,ktidbald1s@cloudflare.com,Male,214.30.39.126
66,Catriona,Landa,clanda1t@abc.net.au,Agender,141.91.157.59
67,Madlin,Sommerlin,msommerlin1u@nifty.com,Female,27.205.189.134
68,Tedie,Bittlestone,tbittlestone1v@cocolog-nifty.com,Female,148.42.162.130
69,Genny,Bambridge,gbambridge1w@reference.com,Male,126.209.158.138
70,Aeriel,Bridden,abridden1x@ca.gov,Male,15.164.242.207
71,Beatrix,Minter,bminter1y@drupal.org,Female,25.192.41.167
72,Nilson,Barizeret,nbarizeret1z@oaic.gov.au,Male,217.191.84.166
73,Ferdy,Daice,fdaice20@example.com,Female,236.234.12.134
74,Rosemonde,Abells,rabells21@alexa.com,Male,103.105.150.28
75,Oliviero,Cattle,ocattle22@slate.com,Male,90.43.75.146
76,Tabbitha,Terbeek,tterbeek23@imdb.com,Female,25.9.129.176
77,Meriel,Deyes,mdeyes24@wisc.edu,Male,228.130.223.106
78,Penny,Bristowe,pbristowe25@ebay.com,Female,130.236.174.141
79,Zsazsa,Huntington,zhuntington26@skype.com,Male,129.107.31.39
80,Elliott,Olley,eolley27@freewebs.com,Female,253.97.250.247
81,Jasun,Harroll,jharroll28@huffingtonpost.com,Female,255.98.159.138
82,Lev,Haking,lhaking29@independent.co.uk,Male,45.14.232.22
83,Marci,Carss,mcarss2a@google.co.jp,Female,63.218.188.39
84,Mallorie,McLuckie,mmcluckie2b@typepad.com,Female,170.150.39.223
85,Casi,Bruinsma,cbruinsma2c@pinterest.com,Male,215.37.31.240
86,Dunstan,Bruineman,dbruineman2d@etsy.com,Male,97.163.50.136
87,Jordain,Doubrava,jdoubrava2e@diigo.com,Male,27.236.234.182
88,Asher,Fildery,afildery2f@answers.com,Female,255.157.145.254
89,Marla,Greenhalf,mgreenhalf2g@simplemachines.org,Male,41.33.218.41
90,Osmund,Boreham,oboreham2h@yellowpages.com,Female,203.59.40.65
91,Welch,Bugbird,wbugbird2i@netvibes.com,Male,36.220.72.30
92,Emylee,Whipp,ewhipp2j@wiley.com,Female,229.153.118.0
93,Shaine,Swafield,sswafield2k@prweb.com,Male,113.86.144.42
94,Lisabeth,Broadnicke,lbroadnicke2l@yelp.com,Agender,191.206.85.190
95,Raimund,Jovovic,rjovovic2m@fastcompany.com,Male,48.231.231.10
96,Ailey,Belbin,abelbin2n@telegraph.co.uk,Genderfluid,171.147.9.144
97,Kirk,Leyninye,kleyninye2o@ebay.co.uk,Male,11.56.59.255
98,Clemmy,Node,cnode2p@netlog.com,Male,144.110.133.166
99,Dulcy,Tagg,dtagg2q@nih.gov,Female,239.111.151.209
100,Allissa,Georgiev,ageorgiev2r@weather.com,Male,10.149.247.155
101,Sallee,Dotson,sdotson2s@dedecms.com,Genderfluid,253.232.192.104
102,Lucian,Scown,lscown2t@posterous.com,Male,138.119.114.248
103,Karlotte,Ovenell,kovenell2u@weibo.com,Female,159.219.149.194
104,Gerta,Lockart,glockart2v@is.gd,Female,220.28.27.205
105,Joshia,Wickwar,jwickwar2w@furl.net,Female,96.17.251.57
106,Stanleigh,Gabbitus,sgabbitus2x@dion.ne.jp,Female,105.95.107.225
107,Caryl,Leather,cleather2y@usatoday.com,Polygender,255.230.167.107
108,Lenci,Piens,lpiens2z@hhs.gov,Male,133.0.74.99
109,Byran,Moulin,bmoulin30@bbc.co.uk,Male,178.204.146.142
110,Lolly,Quinnette,lquinnette31@example.com,Male,150.187.72.156
111,Pace,Jerwood,pjerwood32@independent.co.uk,Male,174.228.236.148
112,Kailey,Catlin,kcatlin33@comsenz.com,Female,245.100.57.9
113,Jamie,Schild,jschild34@ca.gov,Female,12.68.144.65
114,Herc,Paternoster,hpaternoster35@google.de,Male,6.196.95.62
115,Griswold,Christmas,gchristmas36@umn.edu,Female,125.205.4.84
116,Yank,Skacel,yskacel37@patch.com,Male,84.41.255.242
117,Thea,Peckham,tpeckham38@wufoo.com,Female,8.246.214.138
118,Jerrylee,Swiffan,jswiffan39@skype.com,Female,70.30.157.14
119,Leese,Damsell,ldamsell3a@shinystat.com,Male,49.138.59.150
120,Tracie,Askaw,taskaw3b@gov.uk,Male,126.141.133.175
121,Giulia,Coleyshaw,gcoleyshaw3c@kickstarter.com,Male,106.141.20.231
122,Harmonie,Popplewell,hpopplewell3d@t-online.de,Female,13.31.194.63
123,Regan,Bartolijn,rbartolijn3e@uol.com.br,Male,74.234.241.94
124,Desiree,Fallanche,dfallanche3f@last.fm,Male,60.212.41.51
125,Robers,Kochl,rkochl3g@sciencedaily.com,Male,170.192.8.29
126,Noell,Pancost,npancost3h@mozilla.com,Agender,84.207.19.9
127,Kari,McPeice,kmcpeice3i@e-recht24.de,Male,70.29.143.141
128,Ebba,Jozsef,ejozsef3j@youtu.be,Male,54.24.23.22
129,Angelique,Marriner,amarriner3k@theguardian.com,Female,66.1.168.173
130,Brewster,Nourse,bnourse3l@berkeley.edu,Non-binary,201.62.125.159
131,Madge,Larraway,mlarraway3m@1und1.de,Male,105.197.168.199
132,Flory,Wollers,fwollers3n@theguardian.com,Female,85.82.154.239
133,Dierdre,Woodward,dwoodward3o@cisco.com,Male,146.131.186.37
134,Amalee,Zanicchelli,azanicchelli3p@google.com,Male,195.154.187.240
135,Boris,Stolting,bstolting3q@answers.com,Female,194.43.249.70
136,Jolynn,Garlee,jgarlee3r@unc.edu,Female,36.176.175.201
137,Yehudit,Lippitt,ylippitt3s@behance.net,Male,231.144.82.137
138,Lyle,Weild,lweild3t@ning.com,Agender,30.19.181.223
139,Jerri,Fleisch,jfleisch3u@yellowpages.com,Male,255.250.13.26
140,Faun,Abdie,fabdie3v@economist.com,Female,108.63.154.53
141,Netty,Rookledge,nrookledge3w@furl.net,Female,153.15.204.50
142,Ginger,Swinburne,gswinburne3x@goodreads.com,Male,64.219.93.99
143,Hollie,Yashanov,hyashanov3y@psu.edu,Female,25.247.248.148
144,Sherman,Whalley,swhalley3z@cam.ac.uk,Female,11.229.188.19
145,Ina,Ungaretti,iungaretti40@edublogs.org,Male,244.160.98.240
146,Didi,Karlolczak,dkarlolczak41@google.co.jp,Female,163.251.221.21
147,Eliot,Williment,ewilliment42@about.me,Male,113.169.112.114
148,Valaria,Gounet,vgounet43@cafepress.com,Male,59.85.102.132
149,Shane,Trewhella,strewhella44@slideshare.net,Male,51.107.250.189
150,Archibald,Barstow,abarstow45@yale.edu,Bigender,167.49.104.127
151,Shirl,Craigg,scraigg46@thetimes.co.uk,Male,21.4.131.248
152,Thaddus,Clunie,tclunie47@toplist.cz,Male,70.176.143.35
153,Stephenie,Neeve,sneeve48@guardian.co.uk,Male,219.64.82.148
154,Brenna,Garaway,bgaraway49@bbc.co.uk,Female,15.86.69.12
155,Ad,Siddons,asiddons4a@google.com.hk,Female,138.100.49.198
156,Cobby,Gadsdon,cgadsdon4b@wix.com,Male,105.84.135.251
157,Hamish,Blakeden,hblakeden4c@photobucket.com,Agender,94.200.103.130
158,Tiena,Calveley,tcalveley4d@gmpg.org,Female,75.135.151.89
159,Keelby,Vogeler,kvogeler4e@fema.gov,Female,3.141.236.140
160,Kelila,Roycraft,kroycraft4f@dion.ne.jp,Male,221.17.33.70
161,Baxie,Delucia,bdelucia4g@newsvine.com,Male,73.17.98.54
162,Glori,Dominy,gdominy4h@omniture.com,Male,121.125.91.51
163,Hasheem,Durrance,hdurrance4i@weather.com,Female,169.71.186.216
164,Cassi,Sandom,csandom4j@quantcast.com,Female,126.190.255.20
165,Theadora,Blackborne,tblackborne4k@disqus.com,Female,149.211.77.220
166,Gerek,Maas,gmaas4l@geocities.com,Female,59.87.101.205
167,Janene,Gownge,jgownge4m@t.co,Female,73.221.37.170
168,Levey,Hawkyens,lhawkyens4n@constantcontact.com,Male,0.86.219.182
169,Adolphe,Seldon,aseldon4o@sakura.ne.jp,Male,50.146.52.84
170,Pablo,Houseman,phouseman4p@prweb.com,Female,105.176.52.206
171,Margy,Fahrenbacher,mfahrenbacher4q@jiathis.com,Female,101.191.88.42
172,Dudley,France,dfrance4r@facebook.com,Male,8.221.241.191
173,Ber,O'Meara,bomeara4s@parallels.com,Male,185.208.141.238
174,Rosalia,Wozencroft,rwozencroft4t@desdev.cn,Female,38.158.170.139
175,Pris,Gussin,pgussin4u@ehow.com,Female,167.234.242.20
176,Archambault,Cattemull,acattemull4v@comsenz.com,Male,56.151.175.22
177,Joan,MacNeachtain,jmacneachtain4w@who.int,Male,214.0.76.157
178,Danyelle,Manhood,dmanhood4x@miibeian.gov.cn,Male,122.10.103.186
179,Livia,Cacacie,lcacacie4y@artisteer.com,Male,44.112.111.113
180,Kyle,McBeath,kmcbeath4z@state.gov,Female,214.199.50.100
181,Ashley,Muirhead,amuirhead50@1688.com,Female,16.109.61.23
182,Nathanial,Emeline,nemeline51@shutterfly.com,Female,139.41.30.118
183,Griswold,Busen,gbusen52@nbcnews.com,Genderqueer,119.95.140.137
184,Katya,Lampert,klampert53@elpais.com,Male,99.179.165.143
185,Katya,Tordiffe,ktordiffe54@blogger.com,Male,72.227.202.85
186,Ursula,Phillippo,uphillippo55@java.com,Male,232.78.116.247
187,Lynnet,Howsden,lhowsden56@npr.org,Male,15.124.240.106
188,Marie-jeanne,Walkley,mwalkley57@wikia.com,Female,117.165.240.211
189,Suzy,Wynne,swynne58@live.com,Female,122.83.113.66
190,Lorianne,Prinne,lprinne59@mapquest.com,Male,96.129.251.201
191,Davida,Tansly,dtansly5a@themeforest.net,Female,4.204.52.180
192,Bran,Conman,bconman5b@blogger.com,Female,70.161.94.75
193,Bernhard,Josselson,bjosselson5c@amazon.co.jp,Female,0.180.6.51
194,Penn,Hobden,phobden5d@themeforest.net,Female,150.102.221.131
195,Gerty,Reucastle,greucastle5e@rambler.ru,Female,85.77.45.190
196,Faustine,Wybron,fwybron5f@mail.ru,Male,132.112.18.104
197,Robinett,Pawlik,rpawlik5g@ox.ac.uk,Non-binary,20.226.140.18
198,Patti,Pelos,ppelos5h@rediff.com,Female,122.3.146.85
199,Roland,MacCafferty,rmaccafferty5i@state.gov,Male,126.19.61.207
200,Moses,Melson,mmelson5j@qq.com,Male,163.136.30.167
201,Delila,Dealy,ddealy5k@marketwatch.com,Male,101.5.252.14
202,Nanine,Climar,nclimar5l@typepad.com,Male,142.113.229.15
203,Ranice,Ohrtmann,rohrtmann5m@epa.gov,Female,44.73.241.172
204,Rayshell,Wynne,rwynne5n@woothemes.com,Female,226.57.127.183
205,Minor,Maisey,mmaisey5o@businessweek.com,Male,32.197.249.66
206,Randolph,Roebuck,rroebuck5p@amazon.de,Female,51.56.227.102
207,Cariotta,La Croce,clacroce5q@huffingtonpost.com,Male,24.155.203.125
208,Edee,Radmer,eradmer5r@amazon.co.uk,Female,58.78.102.215
209,Reynolds,Doby,rdoby5s@newsvine.com,Male,162.191.221.41
210,Sheelah,Kingston,skingston5t@slate.com,Female,72.247.202.216
211,Gussie,Riggeard,griggeard5u@nsw.gov.au,Female,19.176.19.182
212,Borden,McRorie,bmcrorie5v@discovery.com,Male,227.135.40.222
213,Lurlene,Keeting,lkeeting5w@icio.us,Male,37.139.185.73
214,Evy,Joplin,ejoplin5x@webnode.com,Female,22.173.103.79
215,Olympie,Prigmore,oprigmore5y@fema.gov,Female,70.65.112.52
216,Krisha,Letham,kletham5z@wikia.com,Female,48.44.108.71
217,Shep,Hort,short60@tmall.com,Male,207.57.2.165
218,Selena,Starten,sstarten61@instagram.com,Female,200.93.110.184
219,Martyn,Eric,meric62@51.la,Female,35.164.250.88
220,Cassy,Matyugin,cmatyugin63@usa.gov,Female,2.147.229.84
221,Camala,Foux,cfoux64@cisco.com,Genderfluid,239.101.100.6
222,Lucilia,Halewood,lhalewood65@omniture.com,Male,207.161.207.117
223,Alexandra,MacKinnon,amackinnon66@nps.gov,Genderfluid,10.213.122.173
224,Selina,Grigoire,sgrigoire67@scribd.com,Female,106.157.66.107
225,Risa,Caldwell,rcaldwell68@europa.eu,Male,243.39.196.160
226,Toddy,Guice,tguice69@nationalgeographic.com,Male,143.87.53.30
227,Tony,Golding,tgolding6a@sciencedaily.com,Male,6.74.187.35
228,Delores,Malan,dmalan6b@symantec.com,Male,202.193.60.22
229,Field,Garnam,fgarnam6c@uol.com.br,Female,246.226.244.176
230,Myrtice,Kightly,mkightly6d@cisco.com,Male,95.39.190.134
231,Tadio,McGavin,tmcgavin6e@time.com,Female,174.244.114.90
232,Myrah,Wildblood,mwildblood6f@sciencedaily.com,Male,234.97.19.245
233,Kellina,Sailes,ksailes6g@telegraph.co.uk,Female,138.240.119.221
234,Alvinia,Heggison,aheggison6h@sohu.com,Genderqueer,156.172.20.175
235,Gilbertine,Coleby,gcoleby6i@people.com.cn,Non-binary,132.42.30.105
236,Rene,Stockill,rstockill6j@seattletimes.com,Male,237.74.202.122
237,Jobyna,Pocknoll,jpocknoll6k@shinystat.com,Female,142.25.245.244
238,Lazare,Allsop,lallsop6l@google.de,Female,32.93.105.218
239,Alard,Moiser,amoiser6m@hostgator.com,Female,167.12.219.216
240,Vanya,Dives,vdives6n@phpbb.com,Female,21.44.147.16
241,Sherilyn,Meak,smeak6o@mac.com,Male,201.192.232.101
242,Roberto,Kohrsen,rkohrsen6p@homestead.com,Female,136.30.72.213
243,Amabel,Stiddard,astiddard6q@engadget.com,Male,42.253.118.86
244,Morissa,Ales,males6r@printfriendly.com,Female,20.244.157.216
245,Townsend,Mobberley,tmobberley6s@digg.com,Female,76.36.251.50
246,Arni,Salvin,asalvin6t@seattletimes.com,Female,7.221.32.189
247,Melisande,Ridgewell,mridgewell6u@gnu.org,Male,212.75.9.185
248,Carroll,Eagan,ceagan6v@deviantart.com,Genderfluid,21.186.225.143
249,Royall,Zmitruk,rzmitruk6w@adobe.com,Male,30.43.232.3
250,Catie,Mildner,cmildner6x@thetimes.co.uk,Male,31.205.205.90
251,Paulie,Coonan,pcoonan6y@cpanel.net,Male,193.17.65.154
252,Launce,Sifleet,lsifleet6z@instagram.com,Male,113.202.40.127
253,Vassili,Maffia,vmaffia70@prnewswire.com,Male,188.92.23.157
254,Casey,Hynam,chynam71@de.vu,Female,164.68.100.143
255,Ivar,Errigo,ierrigo72@utexas.edu,Male,244.202.237.79
256,Marisa,Canadas,mcanadas73@adobe.com,Female,235.211.124.18
257,Tally,Wake,twake74@dell.com,Male,129.23.147.77
258,Ambrosi,Robotham,arobotham75@people.com.cn,Female,162.95.45.125
259,Horace,Setter,hsetter76@gizmodo.com,Male,235.2.51.70
260,Salomon,Headingham,sheadingham77@bloglovin.com,Bigender,105.202.37.134
261,Leisha,Sambles,lsambles78@army.mil,Male,167.185.178.41
262,Bernarr,Avarne,bavarne79@reddit.com,Female,133.86.234.181
263,Aron,McClelland,amcclelland7a@yolasite.com,Male,46.173.148.59
264,Klement,Alsobrook,kalsobrook7b@wikispaces.com,Female,238.190.83.208
265,Horatio,Chillistone,hchillistone7c@newyorker.com,Female,95.23.61.211
266,Jayne,Burberow,jburberow7d@soup.io,Female,246.154.228.58
267,Wye,Goodey,wgoodey7e@usa.gov,Male,61.100.192.206
268,Rorie,Oade,roade7f@skyrock.com,Male,32.138.13.204
269,Mariya,Jako,mjako7g@gravatar.com,Female,186.34.163.112
270,Obadiah,Bartlomieczak,obartlomieczak7h@ning.com,Female,143.92.224.238
271,Sibbie,Broadbent,sbroadbent7i@smugmug.com,Male,68.124.17.134
272,Gizela,Dell Casa,gdellcasa7j@squarespace.com,Genderqueer,54.54.123.4
273,Trever,Gerin,tgerin7k@businessinsider.com,Male,0.222.43.134
274,Germaine,Albone,galbone7l@weibo.com,Female,160.5.239.194
275,Jayme,Harragin,jharragin7m@blogspot.com,Male,243.110.219.121
276,Shea,Figgins,sfiggins7n@taobao.com,Male,202.129.21.20
277,Vyky,Douce,vdouce7o@joomla.org,Male,155.66.148.160
278,Goober,McQuirk,gmcquirk7p@amazon.de,Male,6.181.44.92
279,Laryssa,Mettrick,lmettrick7q@twitter.com,Female,255.32.239.206
280,Philbert,Mildner,pmildner7r@hostgator.com,Male,43.162.6.82
281,Halie,Columbine,hcolumbine7s@java.com,Female,228.64.226.193
282,Mariya,Timbridge,mtimbridge7t@joomla.org,Male,116.16.171.226
283,Albert,Yakubovich,ayakubovich7u@simplemachines.org,Male,12.180.62.168
284,Caryl,Kindle,ckindle7v@who.int,Female,253.38.229.174
285,Fernandina,Otterwell,fotterwell7w@kickstarter.com,Female,20.98.145.220
286,Meridith,Woollons,mwoollons7x@time.com,Female,152.77.42.189
287,Burl,Ridde,bridde7y@thetimes.co.uk,Polygender,200.198.183.115
288,Olimpia,Stilgoe,ostilgoe7z@shutterfly.com,Male,48.151.169.117
289,Shannon,Sylvester,ssylvester80@jimdo.com,Polygender,121.120.190.217
290,Klement,Barthrop,kbarthrop81@berkeley.edu,Female,249.19.119.93
291,Mandy,Siggens,msiggens82@zimbio.com,Female,180.148.116.150
292,Chelsey,Ruffell,cruffell83@linkedin.com,Male,35.85.49.166
293,Zsazsa,Raggitt,zraggitt84@xinhuanet.com,Female,13.16.147.231
294,Farr,Jenicke,fjenicke85@huffingtonpost.com,Female,246.174.152.31
295,Teressa,Toombs,ttoombs86@csmonitor.com,Male,161.109.37.128
296,Lou,Cords,lcords87@toplist.cz,Female,240.187.81.190
297,Nanci,Innwood,ninnwood88@census.gov,Male,148.49.166.121
298,Chaddy,Reaman,creaman89@spotify.com,Male,210.252.255.127
299,Daria,Bettley,dbettley8a@g.co,Female,24.144.243.178
300,Britta,Vahl,bvahl8b@blogs.com,Female,50.142.152.11
301,Tammie,Pettet,tpettet8c@ed.gov,Male,189.52.199.211
302,Melodie,Astlett,mastlett8d@hud.gov,Female,253.226.183.236
303,Stuart,Warner,swarner8e@cbc.ca,Male,106.255.144.32
304,Parker,Moorman,pmoorman8f@live.com,Male,253.112.32.175
305,Stephine,Stollenbeck,sstollenbeck8g@utexas.edu,Male,231.217.159.197
306,Valeda,Goodboddy,vgoodboddy8h@cornell.edu,Female,156.244.142.215
307,Elnore,Stonner,estonner8i@patch.com,Male,53.29.247.95
308,Harmon,Datte,hdatte8j@examiner.com,Male,80.62.153.57
309,Urbanus,Hovard,uhovard8k@who.int,Female,120.20.8.7
310,Cullin,Ffoulkes,cffoulkes8l@va.gov,Female,129.91.197.96
311,Marlow,Petrik,mpetrik8m@jalbum.net,Female,116.53.199.106
312,Moyra,Eaves,meaves8n@samsung.com,Male,137.227.126.162
313,Andros,Blumer,ablumer8o@cargocollective.com,Male,104.60.57.150
314,Dulcea,Eveque,deveque8p@sciencedirect.com,Female,199.243.125.214
315,Farr,Martynov,fmartynov8q@economist.com,Female,200.135.147.195
316,Crin,Andre,candre8r@msn.com,Female,190.148.193.62
317,Sutherland,Pickle,spickle8s@unblog.fr,Male,70.112.183.71
318,Clyde,Morhall,cmorhall8t@fda.gov,Female,146.64.242.217
319,Freddie,Imlin,fimlin8u@scribd.com,Male,20.148.2.90
320,Wolfgang,Eggers,weggers8v@huffingtonpost.com,Male,61.16.36.197
321,Anissa,Lettson,alettson8w@so-net.ne.jp,Female,221.15.139.67
322,Phoebe,Hallybone,phallybone8x@timesonline.co.uk,Agender,222.223.170.17
323,Amandy,Belliss,abelliss8y@wisc.edu,Female,204.31.12.120
324,Sigfrid,McHale,smchale8z@cmu.edu,Male,104.114.32.124
325,Micky,Presdee,mpresdee90@posterous.com,Female,2.44.74.106
326,Brendis,Dorton,bdorton91@vimeo.com,Female,157.244.16.50
327,Morse,Hessle,mhessle92@mediafire.com,Female,77.7.61.77
328,Gaspar,Segrott,gsegrott93@yandex.ru,Female,39.165.0.189
329,Laryssa,McBain,lmcbain94@plala.or.jp,Male,121.159.159.200
330,Ashleigh,Forster,aforster95@walmart.com,Female,27.241.121.37
331,Lia,Rapa,lrapa96@facebook.com,Male,24.64.213.200
332,Jarib,Strasse,jstrasse97@freewebs.com,Male,234.96.62.28
333,Tobe,Gulland,tgulland98@wikispaces.com,Female,35.214.102.122
334,Cris,McTrustram,cmctrustram99@huffingtonpost.com,Male,11.253.107.87
335,Halsy,McCann,hmccann9a@fc2.com,Female,0.14.163.183
336,Vidovic,Rulton,vrulton9b@shop-pro.jp,Female,162.45.162.44
337,Harriet,Nicol,hnicol9c@house.gov,Genderqueer,189.127.240.165
338,Dame,Langdridge,dlangdridge9d@zimbio.com,Female,3.215.160.54
339,Arlin,Senecaux,asenecaux9e@amazon.de,Female,188.157.123.181
340,Herold,Gronaller,hgronaller9f@ehow.com,Female,127.196.86.95
341,Lorenzo,Ivchenko,livchenko9g@reuters.com,Male,225.195.108.207
342,Milo,Feehily,mfeehily9h@canalblog.com,Female,6.183.189.139
343,Jasmine,Stannering,jstannering9i@ucsd.edu,Female,239.128.160.153
344,Elladine,O'Reilly,eoreilly9j@hexun.com,Male,253.201.5.250
345,Jemima,Havvock,jhavvock9k@moonfruit.com,Male,37.252.1.183
346,Ambrosius,Blanchet,ablanchet9l@oakley.com,Female,139.187.205.161
347,Helen,Bruford,hbruford9m@hibu.com,Female,212.240.191.171
348,Ignacius,Hambly,ihambly9n@guardian.co.uk,Male,2.182.9.199
349,Jessie,Mayberry,jmayberry9o@amazonaws.com,Male,59.115.25.11
350,Ginnie,Issakov,gissakov9p@parallels.com,Agender,114.119.187.29
351,Clo,Roe,croe9q@eepurl.com,Female,198.94.118.205
352,Bernadene,Sear,bsear9r@delicious.com,Male,142.18.245.25
353,Elene,Baraclough,ebaraclough9s@gravatar.com,Female,214.185.174.82
354,Pincus,Maffetti,pmaffetti9t@marriott.com,Female,247.17.69.202
355,Bradford,Crawshay,bcrawshay9u@godaddy.com,Male,0.203.118.189
356,Mayne,MacShane,mmacshane9v@webnode.com,Female,85.44.50.198
357,Erminie,MacCurtain,emaccurtain9w@google.com,Female,165.130.11.28
358,Harwilll,Grzeskowski,hgrzeskowski9x@oakley.com,Male,109.49.77.170
359,Rozelle,Houdmont,rhoudmont9y@mashable.com,Male,3.63.145.124
360,Gypsy,La Torre,glatorre9z@de.vu,Female,149.182.24.208
361,Erinna,Baynon,ebaynona0@vk.com,Male,48.50.22.10
362,Patton,Khrishtafovich,pkhrishtafovicha1@pbs.org,Male,223.228.93.126
363,Megan,Scrancher,mscranchera2@bizjournals.com,Male,97.86.157.152
364,Ashlie,Gresswell,agresswella3@reverbnation.com,Male,135.120.182.125
365,Flore,Vanini,fvaninia4@forbes.com,Bigender,217.81.205.46
366,Adrian,Robertshaw,arobertshawa5@discuz.net,Male,254.181.51.142
367,Judye,MacCardle,jmaccardlea6@nsw.gov.au,Female,157.213.149.5
368,Ashlie,Bumpass,abumpassa7@soundcloud.com,Male,86.186.94.80
369,Moyna,Lardier,mlardiera8@archive.org,Male,215.71.219.25
370,Anet,Isacoff,aisacoffa9@usatoday.com,Male,100.2.93.254
371,Charmaine,Totman,ctotmanaa@weebly.com,Female,193.240.210.77
372,Forrest,Sharpe,fsharpeab@wisc.edu,Female,110.79.87.63
373,Durand,Hadley,dhadleyac@edublogs.org,Female,243.25.129.202
374,Granny,Premble,gpremblead@archive.org,Male,131.151.228.132
375,Jarrod,Dorgan,jdorganae@webeden.co.uk,Male,190.132.11.13
376,Katha,Goodburn,kgoodburnaf@arstechnica.com,Male,50.241.222.181
377,Cristian,Rizzone,crizzoneag@usda.gov,Female,201.186.74.14
378,Trixie,Behneke,tbehnekeah@tumblr.com,Female,83.63.126.15
379,Pryce,Kempson,pkempsonai@unc.edu,Female,161.86.209.180
380,Marietta,Clougher,mclougheraj@rambler.ru,Male,208.21.79.143
381,Nissy,Ralph,nralphak@wikispaces.com,Male,37.242.49.201
382,Basia,Le Marchand,blemarchandal@pcworld.com,Female,3.6.218.25
383,Nestor,Alti,naltiam@utexas.edu,Female,43.75.237.218
384,Brucie,Barhams,bbarhamsan@plala.or.jp,Male,2.52.68.17
385,Ketty,Aldins,kaldinsao@ucsd.edu,Female,241.167.158.100
386,Niels,Antecki,nanteckiap@diigo.com,Female,158.231.107.171
387,Morganica,Pedro,mpedroaq@people.com.cn,Male,195.57.74.217
388,Randall,Collcott,rcollcottar@ask.com,Male,91.92.45.233
389,Hettie,Epdell,hepdellas@uol.com.br,Male,22.2.5.45
390,Tiphani,Mum,tmumat@squarespace.com,Non-binary,184.127.77.242
391,Wren,Brade,wbradeau@mozilla.org,Male,123.13.20.227
392,Salomi,Fawks,sfawksav@alexa.com,Bigender,242.160.50.52
393,Kenneth,Millhouse,kmillhouseaw@oaic.gov.au,Female,67.221.166.12
394,Cassy,Gamil,cgamilax@nhs.uk,Female,82.102.6.169
395,Charley,Croshaw,ccroshaway@shutterfly.com,Genderqueer,219.222.34.33
396,Bevvy,Craven,bcravenaz@twitpic.com,Male,123.115.199.83
397,Artair,Racine,aracineb0@nhs.uk,Male,170.1.87.116
398,Harbert,Brantl,hbrantlb1@liveinternet.ru,Female,1.151.128.214
399,Donn,Dowe,ddoweb2@zimbio.com,Non-binary,62.58.52.2
400,Blinnie,Sturton,bsturtonb3@cnet.com,Male,202.50.134.221
401,Goldie,Langhor,glanghorb4@mozilla.com,Female,63.188.88.255
402,Colleen,Matt,cmattb5@zimbio.com,Male,8.192.191.191
403,Marie,Loan,mloanb6@moonfruit.com,Female,224.114.224.133
404,Garvey,Wilkison,gwilkisonb7@discuz.net,Male,199.221.12.226
405,Charisse,Cordaroy,ccordaroyb8@hp.com,Male,244.191.63.45
406,Susette,Curwood,scurwoodb9@i2i.jp,Female,243.242.11.168
407,Cecily,Macrae,cmacraeba@gmpg.org,Male,98.213.56.57
408,Christophe,Clunie,ccluniebb@nymag.com,Female,197.80.92.124
409,Leonanie,Castella,lcastellabc@clickbank.net,Male,244.135.143.55
410,Jacintha,Ropking,jropkingbd@cafepress.com,Genderqueer,156.48.142.229
411,Nathaniel,Roskeilly,nroskeillybe@nhs.uk,Polygender,46.86.221.90
412,Tim,Gotcliff,tgotcliffbf@freewebs.com,Female,187.131.64.62
413,Clemmie,McAlpine,cmcalpinebg@blogspot.com,Male,242.207.188.57
414,Astrix,Kristoffersson,akristofferssonbh@i2i.jp,Polygender,113.70.72.181
415,Kingsley,Kuhnel,kkuhnelbi@alexa.com,Male,56.175.150.204
416,Kathleen,Cone,kconebj@meetup.com,Male,255.212.219.239
417,Tani,Tapenden,ttapendenbk@unicef.org,Male,67.57.68.167
418,Taffy,McNeil,tmcneilbl@friendfeed.com,Male,205.132.31.21
419,Tarra,Cardwell,tcardwellbm@dell.com,Agender,179.46.59.225
420,Ethelda,Goodliff,egoodliffbn@mozilla.org,Female,216.205.221.56
421,Sherrie,Morrel,smorrelbo@ucsd.edu,Female,142.203.21.47
422,Brook,Bellocht,bbellochtbp@dmoz.org,Male,60.223.130.139
423,Gael,Hankins,ghankinsbq@bandcamp.com,Female,146.76.189.151
424,Dot,McDavitt,dmcdavittbr@eventbrite.com,Female,73.255.46.46
425,Jessee,Blacklock,jblacklockbs@t.co,Male,23.15.46.45
426,Ranee,Dimitriou,rdimitrioubt@sfgate.com,Male,131.65.196.55
427,Ellyn,Mainds,emaindsbu@csmonitor.com,Female,156.1.144.99
428,Red,Drewson,rdrewsonbv@feedburner.com,Agender,30.206.21.134
429,Angie,Cleyburn,acleyburnbw@sourceforge.net,Male,130.254.157.186
430,Maurine,Sarfati,msarfatibx@prweb.com,Female,249.87.135.239
431,Nicola,Byham,nbyhamby@goo.ne.jp,Female,6.33.101.119
432,Calypso,Eveleigh,ceveleighbz@ow.ly,Female,72.233.132.226
433,Cori,Wahlberg,cwahlbergc0@sun.com,Male,45.169.46.181
434,Keith,Jarrard,kjarrardc1@microsoft.com,Male,9.240.99.22
435,Mair,Stirton,mstirtonc2@admin.ch,Female,173.148.5.154
436,Kerrie,Weems,kweemsc3@google.nl,Female,30.239.239.67
437,Melony,Tumbridge,mtumbridgec4@gnu.org,Female,24.107.97.48
438,Debby,Carlesi,dcarlesic5@berkeley.edu,Male,211.224.69.243
439,Ailene,Creasy,acreasyc6@barnesandnoble.com,Female,160.165.216.67
440,Hank,Garlette,hgarlettec7@marriott.com,Female,192.210.103.68
441,Thaddeus,Apted,taptedc8@blogtalkradio.com,Female,151.43.231.195
442,Danica,Thyer,dthyerc9@nytimes.com,Female,254.52.81.93
443,Bran,Lilford,blilfordca@princeton.edu,Female,10.51.22.143
444,Frederick,Kadwallider,fkadwallidercb@redcross.org,Female,4.3.215.28
445,Chris,Beretta,cberettacc@nymag.com,Male,197.63.181.141
446,Lauretta,Abramsky,labramskycd@springer.com,Female,192.117.24.62
447,Faythe,Mcsarry,fmcsarryce@chicagotribune.com,Male,234.195.78.36
448,Rochella,Dockree,rdockreecf@skype.com,Non-binary,5.210.206.72
449,Stefano,Waldera,swalderacg@aboutads.info,Female,195.176.128.22
450,Bryan,Trussman,btrussmanch@jalbum.net,Male,61.252.239.41
451,Ninon,Banghe,nbangheci@chicagotribune.com,Male,153.166.47.233
452,Sigismondo,Stuttman,sstuttmancj@webmd.com,Male,46.255.241.59
453,Moria,Dzeniskevich,mdzeniskevichck@ovh.net,Male,158.45.69.11
454,Elijah,Bonnesen,ebonnesencl@globo.com,Male,88.200.77.170
455,Vida,Makey,vmakeycm@msu.edu,Male,237.156.43.180
456,Terrye,Jon,tjoncn@utexas.edu,Female,93.222.44.162
457,Hinze,Jako,hjakoco@typepad.com,Male,145.148.33.167
458,Matias,Dulinty,mdulintycp@tumblr.com,Male,220.26.190.85
459,Averyl,Polack,apolackcq@msu.edu,Female,107.255.36.50
460,Quillan,Bertolin,qbertolincr@omniture.com,Female,135.187.101.97
461,Lukas,Drinkeld,ldrinkeldcs@technorati.com,Male,232.46.155.212
462,Bryn,Wooderson,bwoodersonct@eventbrite.com,Female,192.78.78.48
463,Noel,Mollindinia,nmollindiniacu@businesswire.com,Male,45.68.98.113
464,Collie,Hanrahan,chanrahancv@wisc.edu,Male,54.54.229.17
465,Chryste,Halward,chalwardcw@soundcloud.com,Female,66.98.75.9
466,Vincenz,Rishbrook,vrishbrookcx@sourceforge.net,Female,216.250.247.233
467,Lynnet,Calwell,lcalwellcy@myspace.com,Male,167.59.65.96
468,Pammi,Mulcaster,pmulcastercz@slashdot.org,Male,86.164.92.124
469,Phoebe,Porker,pporkerd0@ocn.ne.jp,Male,166.242.144.172
470,Sonni,Seabrook,sseabrookd1@studiopress.com,Male,181.140.143.39
471,Wainwright,Phipard-Shears,wphipardshearsd2@who.int,Female,180.29.13.173
472,Merola,Veazey,mveazeyd3@meetup.com,Female,241.12.49.232
473,Alistair,Schrader,aschraderd4@imageshack.us,Male,157.123.18.184
474,Rikki,Wibrew,rwibrewd5@xrea.com,Male,207.142.187.123
475,Charlton,Kynsey,ckynseyd6@github.io,Male,7.170.12.80
476,Roger,Wakelam,rwakelamd7@prweb.com,Female,91.50.229.158
477,Manon,Capelle,mcapelled8@dailymail.co.uk,Male,27.159.154.209
478,Torrin,Ingerith,tingerithd9@berkeley.edu,Female,87.92.182.210
479,Nobe,MacRorie,nmacrorieda@jigsy.com,Female,56.36.65.141
480,Chiquita,Lampart,clampartdb@auda.org.au,Female,26.59.217.33
481,Gay,Tomczykiewicz,gtomczykiewiczdc@illinois.edu,Female,243.120.178.33
482,Wilona,Guitonneau,wguitonneaudd@shop-pro.jp,Female,57.118.5.62
483,Melitta,Chattelaine,mchattelainede@godaddy.com,Female,226.79.153.133
484,Son,Leaman,sleamandf@pen.io,Male,253.167.78.139
485,Grantham,Pattle,gpattledg@yale.edu,Female,149.123.24.209
486,Giovanni,Dallosso,gdallossodh@t-online.de,Male,104.253.85.107
487,Lonnard,Anespie,lanespiedi@cmu.edu,Male,246.21.190.95
488,Fidel,Litel,fliteldj@prnewswire.com,Genderqueer,40.29.60.197
489,Ermentrude,Geal,egealdk@dailymotion.com,Male,88.176.94.5
490,Nathanial,McGilroy,nmcgilroydl@ebay.com,Male,141.248.61.218
491,Ninnette,Whitmore,nwhitmoredm@bloomberg.com,Female,227.141.137.96
492,Matias,Ungerecht,mungerechtdn@shop-pro.jp,Male,130.233.170.110
493,Stan,Catterall,scatteralldo@patch.com,Male,101.71.22.139
494,Daryl,Morfell,dmorfelldp@amazon.de,Female,238.21.170.126
495,Stanleigh,Slay,sslaydq@skype.com,Female,187.70.132.109
496,Abby,Aylen,aaylendr@fc2.com,Female,192.178.219.226
497,Keely,Whybrow,kwhybrowds@pbs.org,Male,189.236.251.161
498,Zitella,Wulfinger,zwulfingerdt@uol.com.br,Female,153.12.29.203
499,Iain,Bridgewood,ibridgewooddu@istockphoto.com,Female,112.41.166.41
500,Renado,Enders,rendersdv@bloomberg.com,Polygender,226.137.48.158
501,Vicky,Patley,vpatleydw@jimdo.com,Female,59.236.34.188
502,Giuditta,Godden,ggoddendx@bloomberg.com,Female,77.134.115.199
503,Curry,Bradden,cbraddendy@i2i.jp,Female,163.142.47.170
504,Pacorro,Aldwich,paldwichdz@newsvine.com,Agender,152.82.71.206
505,Maiga,Aleksidze,maleksidzee0@moonfruit.com,Male,243.162.51.96
506,Skell,Cardinal,scardinale1@gizmodo.com,Male,70.246.151.82
507,Wadsworth,Veazey,wveazeye2@ted.com,Female,14.108.207.130
508,Logan,Consadine,lconsadinee3@domainmarket.com,Male,205.231.117.94
509,Gray,Gionettitti,ggionettittie4@un.org,Female,194.141.141.110
510,Pierre,Maryska,pmaryskae5@about.me,Male,139.40.153.60
511,Corene,Hainning,chainninge6@redcross.org,Female,88.6.51.214
512,Sky,Clerke,sclerkee7@usda.gov,Male,76.168.106.107
513,Ediva,Gianilli,egianillie8@facebook.com,Male,247.5.250.116
514,Jere,Blanket,jblankete9@tumblr.com,Male,41.115.59.72
515,Berny,Hindhaugh,bhindhaughea@dot.gov,Male,118.241.66.129
516,Nelly,Gready,ngreadyeb@pagesperso-orange.fr,Female,132.242.92.43
517,Daryl,Ivers,diversec@usatoday.com,Genderqueer,51.90.96.183
518,Gabbi,Trythall,gtrythalled@blogger.com,Male,234.118.127.152
519,Sol,Seggie,sseggieee@hatena.ne.jp,Male,139.231.183.228
520,Bailie,Prestner,bprestneref@usatoday.com,Polygender,85.245.248.197
521,Christoforo,Tyhurst,ctyhursteg@wikimedia.org,Female,136.34.133.247
522,Beitris,Woodison,bwoodisoneh@bbb.org,Genderfluid,85.12.253.217
523,Jannel,Domenici,jdomeniciei@cnbc.com,Male,63.208.84.69
524,Sashenka,Sturgeon,ssturgeonej@about.me,Male,212.223.235.40
525,Donaugh,Duckham,dduckhamek@mit.edu,Female,28.135.129.107
526,Zea,Coopman,zcoopmanel@whitehouse.gov,Female,41.193.165.248
527,Leese,Unitt,lunittem@blogspot.com,Female,216.27.54.11
528,Gustie,Tolchard,gtolcharden@infoseek.co.jp,Female,227.176.241.210
529,Staffard,Nerger,snergereo@ycombinator.com,Female,254.241.202.160
530,Allyson,Oldfield,aoldfieldep@xrea.com,Female,252.83.20.220
531,Dirk,Jephson,djephsoneq@jugem.jp,Male,203.157.40.14
532,Sansone,Taree,stareeer@lycos.com,Female,252.159.12.194
533,Ginger,Baynom,gbaynomes@thetimes.co.uk,Male,222.194.152.149
534,Axel,Dallender,adallenderet@accuweather.com,Male,162.113.30.191
535,Petunia,Latan,plataneu@marketwatch.com,Male,238.99.253.230
536,Derrik,McClymont,dmcclymontev@mysql.com,Male,219.48.219.224
537,Alvin,Markie,amarkieew@webnode.com,Female,55.239.182.232
538,Nannette,Keers,nkeersex@weebly.com,Male,32.45.145.176
539,Kai,Merrien,kmerrieney@yandex.ru,Male,33.39.132.74
540,Cirilo,Winnard,cwinnardez@php.net,Female,19.235.93.237
541,Rena,Pearne,rpearnef0@list-manage.com,Bigender,31.17.134.118
542,Rubia,Boat,rboatf1@friendfeed.com,Male,252.204.102.83
543,Jackelyn,Zoppie,jzoppief2@wikia.com,Genderfluid,94.33.166.129
544,Kial,Teaser,kteaserf3@pagesperso-orange.fr,Female,189.127.81.188
545,Keelby,Libermore,klibermoref4@de.vu,Male,242.169.58.200
546,Cad,Boggs,cboggsf5@paginegialle.it,Female,82.30.204.246
547,Pedro,Leneve,plenevef6@mit.edu,Female,202.59.106.133
548,Rhett,Kettley,rkettleyf7@princeton.edu,Female,193.34.92.145
549,Theodora,Calabry,tcalabryf8@fema.gov,Male,112.175.26.112
550,Hadleigh,Fireman,hfiremanf9@sfgate.com,Female,64.79.104.247
551,Steven,Ranger,srangerfa@infoseek.co.jp,Female,2.45.181.79
552,Thurstan,Softley,tsoftleyfb@opera.com,Female,132.56.249.77
553,Lacee,Lebbern,llebbernfc@imgur.com,Female,125.18.206.64
554,Eadie,McCloughen,emccloughenfd@forbes.com,Male,119.126.214.80
555,Dougie,Janssens,djanssensfe@1und1.de,Female,84.2.58.229
556,Skelly,Cadalleder,scadallederff@reference.com,Male,8.52.214.75
557,Cathleen,Stivens,cstivensfg@jalbum.net,Female,99.254.175.102
558,Ynez,Rodolphe,yrodolphefh@blog.com,Male,112.203.118.253
559,Bernadine,Petofi,bpetofifi@people.com.cn,Female,67.7.113.218
560,Fonzie,Pattesall,fpattesallfj@boston.com,Male,20.72.92.43
561,Vaclav,Shovlar,vshovlarfk@macromedia.com,Male,62.84.33.24
562,Cahra,Parlor,cparlorfl@go.com,Female,9.134.61.164
563,Terese,Sambiedge,tsambiedgefm@cnet.com,Male,201.121.70.244
564,Zacharia,Wilacot,zwilacotfn@tiny.cc,Female,218.171.201.203
565,Christa,Kermon,ckermonfo@etsy.com,Female,205.247.111.215
566,Liane,Monson,lmonsonfp@etsy.com,Male,250.53.33.180
567,Atlanta,Kneeland,akneelandfq@lulu.com,Agender,143.165.8.110
568,Ailee,Booth-Jarvis,aboothjarvisfr@dyndns.org,Female,113.158.34.131
569,Bryn,Clist,bclistfs@europa.eu,Female,255.158.49.127
570,Cassandry,McCarrell,cmccarrellft@nasa.gov,Female,174.187.113.236
571,Conroy,Sara,csarafu@gnu.org,Male,200.73.253.85
572,Ludovika,Stebles,lsteblesfv@bloomberg.com,Female,124.159.76.188
573,Ralph,Demanche,rdemanchefw@de.vu,Female,145.38.70.226
574,Whitney,Harmond,wharmondfx@aol.com,Female,144.92.41.164
575,Felicity,Cornu,fcornufy@cnbc.com,Female,235.44.95.230
576,Hube,Lydster,hlydsterfz@businesswire.com,Male,167.138.27.11
577,Rici,Truluck,rtruluckg0@oaic.gov.au,Female,200.117.208.184
578,Prissie,Warham,pwarhamg1@china.com.cn,Female,177.224.166.212
579,Marillin,Tattersall,mtattersallg2@cam.ac.uk,Male,178.192.39.20
580,Roth,Kincey,rkinceyg3@mediafire.com,Female,159.215.144.189
581,Shurwood,McSaul,smcsaulg4@ustream.tv,Male,234.66.43.244
582,Reggy,Caesmans,rcaesmansg5@drupal.org,Male,234.98.34.110
583,Jaquenette,Bahike,jbahikeg6@disqus.com,Female,131.107.0.113
584,Holli,Marklund,hmarklundg7@cisco.com,Male,57.123.134.134
585,Giovanna,Adamec,gadamecg8@github.com,Polygender,147.71.238.235
586,Jobi,Searjeant,jsearjeantg9@nps.gov,Male,218.107.5.197
587,Myrta,Chark,mcharkga@canalblog.com,Male,5.147.249.204
588,Ottilie,Kinnier,okinniergb@europa.eu,Female,144.142.195.224
589,Leoine,Pennycord,lpennycordgc@mit.edu,Female,159.85.183.106
590,Joaquin,Ruck,jruckgd@liveinternet.ru,Male,166.48.42.81
591,Bordy,Lindfors,blindforsge@dagondesign.com,Male,133.140.79.40
592,Berthe,Waterhouse,bwaterhousegf@theatlantic.com,Female,118.253.64.62
593,Essa,Mcall,emcallgg@xinhuanet.com,Male,236.2.202.126
594,Violetta,MacGebenay,vmacgebenaygh@wordpress.com,Non-binary,248.17.118.241
595,Seward,Hartburn,shartburngi@icio.us,Male,194.91.9.232
596,Esra,Higounet,ehigounetgj@jiathis.com,Female,104.229.49.184
597,Yvonne,Guerreru,yguerrerugk@who.int,Female,74.153.109.227
598,Felisha,Praill,fpraillgl@illinois.edu,Male,229.51.196.208
599,Loretta,Klampk,lklampkgm@themeforest.net,Male,89.28.174.128
600,Carlee,Scarffe,cscarffegn@npr.org,Female,5.91.89.6
601,Leonelle,Grebert,lgrebertgo@ameblo.jp,Male,230.139.105.151
602,Reina,Kingsford,rkingsfordgp@usa.gov,Female,190.7.166.48
603,Roselle,Proven,rprovengq@etsy.com,Female,164.213.92.238
604,Stormy,Skewis,sskewisgr@ucsd.edu,Male,165.172.231.64
605,Joachim,Bottrell,jbottrellgs@pagesperso-orange.fr,Female,235.225.238.146
606,Rosanne,Likly,rliklygt@amazon.com,Male,218.68.210.57
607,Giuseppe,Schohier,gschohiergu@reverbnation.com,Female,126.200.80.196
608,Dory,Snasel,dsnaselgv@linkedin.com,Female,221.185.207.152
609,Hakeem,Sute,hsutegw@vk.com,Female,216.177.67.106
610,Anette,Mc Cahey,amccaheygx@paginegialle.it,Polygender,120.215.118.119
611,Henry,Salasar,hsalasargy@ucsd.edu,Female,125.21.7.96
612,Daryle,Cardero,dcarderogz@wikia.com,Male,222.1.62.106
613,Ives,Skarin,iskarinh0@yellowbook.com,Male,162.177.176.141
614,Prudence,O'Neill,poneillh1@columbia.edu,Male,205.22.126.4
615,Salim,Maddaford,smaddafordh2@hp.com,Female,222.84.154.105
616,Agnese,Champe,achampeh3@addthis.com,Female,196.231.48.59
617,Barclay,Helwig,bhelwigh4@csmonitor.com,Male,138.241.120.73
618,Adah,McGeachey,amcgeacheyh5@pbs.org,Male,37.187.245.112
619,Kendall,Keatch,kkeatchh6@dagondesign.com,Female,80.219.68.209
620,Eldin,Korf,ekorfh7@google.com.au,Male,18.104.100.236
621,Fairlie,Wigzell,fwigzellh8@purevolume.com,Female,248.137.133.5
622,Carol-jean,Cardno,ccardnoh9@disqus.com,Female,61.198.241.137
623,Hester,Gogarty,hgogartyha@techcrunch.com,Female,248.123.104.122
624,Helga,Scrivner,hscrivnerhb@webeden.co.uk,Non-binary,221.75.213.123
625,Paula,Dallin,pdallinhc@taobao.com,Male,249.92.134.129
626,Ariel,Cornew,acornewhd@smugmug.com,Bigender,225.37.4.233
627,Colin,Sach,csachhe@nbcnews.com,Female,106.14.223.193
628,Sadie,Strowthers,sstrowthershf@cornell.edu,Male,212.120.121.124
629,Dalt,Cusack,dcusackhg@slideshare.net,Female,19.206.164.1
630,Delaney,Swigger,dswiggerhh@netscape.com,Female,93.100.12.255
631,Rita,Mannock,rmannockhi@google.co.jp,Female,162.209.220.194
632,Hobard,Brevetor,hbrevetorhj@vistaprint.com,Male,232.253.149.221
633,Barron,Muncie,bmunciehk@toplist.cz,Male,66.152.186.225
634,Nicolina,Dorn,ndornhl@unicef.org,Male,215.174.216.80
635,Wolfgang,Alsobrook,walsobrookhm@answers.com,Female,14.116.51.142
636,Ondrea,Harkin,oharkinhn@mlb.com,Female,76.183.37.45
637,Zaccaria,Robbey,zrobbeyho@amazon.com,Female,204.170.133.234
638,Monica,Blackborne,mblackbornehp@plala.or.jp,Female,242.180.144.225
639,Arvin,Blackwood,ablackwoodhq@netvibes.com,Female,127.132.76.83
640,Calli,Rosling,croslinghr@sogou.com,Female,247.149.100.255
641,Lebbie,Wainman,lwainmanhs@hud.gov,Male,214.180.46.177
642,Cesya,Oultram,coultramht@nba.com,Male,191.174.68.15
643,Koralle,Beeton,kbeetonhu@com.com,Female,35.94.108.137
644,Emmery,Silcock,esilcockhv@dion.ne.jp,Female,203.217.146.206
645,Ludovika,Najara,lnajarahw@qq.com,Agender,91.37.16.7
646,Horatius,Mila,hmilahx@skyrock.com,Male,34.215.193.31
647,Bard,Kapiloff,bkapiloffhy@bloglovin.com,Male,111.238.230.14
648,Clemente,Merck,cmerckhz@newyorker.com,Male,228.52.237.231
649,Dulcea,Huxley,dhuxleyi0@amazonaws.com,Female,113.84.182.254
650,Wat,Croasdale,wcroasdalei1@hugedomains.com,Male,106.202.33.81
651,Bel,Jorcke,bjorckei2@illinois.edu,Genderfluid,149.117.161.100
652,Stefa,Leger,slegeri3@toplist.cz,Female,114.155.228.88
653,Hoebart,Ferrant,hferranti4@marketwatch.com,Male,148.10.154.71
654,Patrice,Skipp,pskippi5@cbsnews.com,Male,168.154.70.49
655,Starlin,Jaegar,sjaegari6@miibeian.gov.cn,Female,6.76.178.42
656,Emmi,Sayward,esaywardi7@sourceforge.net,Male,251.36.40.0
657,Emyle,Slocomb,eslocombi8@yandex.ru,Male,22.57.35.196
658,Amandie,Lebel,alebeli9@yandex.ru,Non-binary,87.255.236.71
659,Bevvy,Twomey,btwomeyia@shinystat.com,Male,134.151.100.132
660,Arlina,Seers,aseersib@disqus.com,Male,214.156.42.112
661,Alicia,Demangel,ademangelic@woothemes.com,Female,117.200.209.248
662,Rois,Turvie,rturvieid@cafepress.com,Male,211.66.143.229
663,Munmro,Fandrey,mfandreyie@surveymonkey.com,Female,164.10.185.139
664,Florrie,Scogin,fscoginif@bbc.co.uk,Male,79.166.255.43
665,Misti,BoHlingolsen,mbohlingolsenig@nps.gov,Male,217.25.210.20
666,Mahmud,Guerre,mguerreih@skyrock.com,Male,32.190.55.182
667,Annelise,Byham,abyhamii@xinhuanet.com,Male,236.125.71.9
668,Kane,Necrews,knecrewsij@discuz.net,Male,135.85.81.189
669,Nikolai,Kersley,nkersleyik@hubpages.com,Female,222.157.160.150
670,Jeanine,Ploughwright,jploughwrightil@tripod.com,Male,64.245.74.174
671,Hilary,Elmar,helmarim@google.com.hk,Male,63.19.22.91
672,Claudio,Riccardini,criccardiniin@ustream.tv,Female,201.46.122.4
673,Constancy,Maltster,cmaltsterio@rakuten.co.jp,Female,166.88.150.87
674,Velma,Killock,vkillockip@google.co.jp,Male,167.33.24.86
675,Eleanor,Klauber,eklauberiq@sciencedaily.com,Male,60.139.133.209
676,Mitch,Lorie,mlorieir@tripod.com,Polygender,116.216.95.175
677,Saxe,Menghi,smenghiis@amazonaws.com,Male,209.231.179.16
678,Viva,Guidelli,vguidelliit@istockphoto.com,Male,146.128.24.59
679,Dulcea,Petch,dpetchiu@csmonitor.com,Male,221.213.2.227
680,Eleanore,Tellesson,etellessoniv@nba.com,Female,207.149.244.204
681,Lacey,Dent,ldentiw@state.tx.us,Female,191.188.183.93
682,Adelle,Roddick,aroddickix@gov.uk,Male,40.152.232.201
683,Nikki,Sebley,nsebleyiy@patch.com,Polygender,91.155.164.118
684,Griz,Castle,gcastleiz@tuttocitta.it,Female,52.194.7.200
685,Ede,Garnson,egarnsonj0@php.net,Female,222.234.201.168
686,Allina,Hamley,ahamleyj1@columbia.edu,Male,249.221.215.109
687,Ava,Slaten,aslatenj2@google.es,Female,79.27.85.162
688,Hyacinthia,Keedwell,hkeedwellj3@opera.com,Female,113.60.110.208
689,Othello,Cleveland,oclevelandj4@telegraph.co.uk,Female,218.125.78.155
690,Alvinia,Denny,adennyj5@flavors.me,Female,165.122.253.7
691,Pippy,Beldon,pbeldonj6@bbb.org,Female,168.207.92.236
692,Casper,Barribal,cbarribalj7@unblog.fr,Female,248.134.5.109
693,Giustino,Farrell,gfarrellj8@about.me,Male,238.192.242.72
694,Carmelia,Ackerman,cackermanj9@163.com,Male,169.39.93.24
695,Gloriana,Lissimore,glissimoreja@nymag.com,Female,108.113.163.174
696,Isidora,Furney,ifurneyjb@elegantthemes.com,Female,254.92.197.19
697,Nancee,Laxson,nlaxsonjc@ihg.com,Female,165.61.0.77
698,Goldarina,Dowry,gdowryjd@whitehouse.gov,Agender,220.132.148.56
699,Gladi,Ainger,gaingerje@aboutads.info,Male,170.103.44.51
700,Domingo,Butland,dbutlandjf@scribd.com,Male,198.243.245.173
701,Aile,Crosskell,acrosskelljg@stanford.edu,Male,19.170.60.200
702,Fran,McKerrow,fmckerrowjh@icio.us,Male,9.90.167.99
703,Katy,Beadle,kbeadleji@scribd.com,Female,16.35.74.55
704,Forster,Armor,farmorjj@ebay.co.uk,Female,33.148.56.1
705,Kenn,Sherburn,ksherburnjk@unc.edu,Agender,104.123.133.246
706,Kari,MacAllester,kmacallesterjl@umn.edu,Male,138.8.215.169
707,Katee,Vannozzii,kvannozziijm@rambler.ru,Male,84.176.165.171
708,Boonie,Dawidowitsch,bdawidowitschjn@ebay.com,Male,55.143.63.112
709,Juline,Ashfield,jashfieldjo@tinyurl.com,Female,45.13.235.139
710,Ulrika,Bowling,ubowlingjp@ibm.com,Male,177.119.137.62
711,Kitti,Rose,krosejq@meetup.com,Male,42.34.33.34
712,Natasha,Signore,nsignorejr@unesco.org,Male,112.38.181.113
713,Ava,Brockley,abrockleyjs@flavors.me,Female,196.139.206.188
714,Alie,Blum,ablumjt@kickstarter.com,Female,172.68.129.3
715,Berna,Pymer,bpymerju@w3.org,Male,47.147.149.169
716,Ganny,Ullyatt,gullyattjv@theguardian.com,Male,94.42.15.161
717,Rosalind,Ordidge,rordidgejw@studiopress.com,Male,152.153.153.185
718,Gregorio,Bent,gbentjx@g.co,Female,148.72.171.150
719,Di,Ply,dplyjy@cpanel.net,Genderqueer,147.96.109.240
720,Nyssa,Foden,nfodenjz@fastcompany.com,Male,104.245.212.147
721,Celinka,Ariss,carissk0@ox.ac.uk,Non-binary,187.184.193.55
722,Tannie,Scudamore,tscudamorek1@mail.ru,Male,131.58.226.224
723,Catherina,Peto,cpetok2@friendfeed.com,Female,127.4.88.210
724,Mommy,Antoniewicz,mantoniewiczk3@4shared.com,Male,41.19.238.2
725,Misha,Roscow,mroscowk4@cisco.com,Female,84.15.49.38
726,Mellisa,Seamarke,mseamarkek5@ucsd.edu,Male,202.192.100.108
727,Cleve,Victory,cvictoryk6@prnewswire.com,Male,163.25.219.51
728,Arri,Venney,avenneyk7@unesco.org,Female,4.148.227.186
729,Cesaro,Lucchi,clucchik8@europa.eu,Male,1.216.238.181
730,Franny,Warby,fwarbyk9@hc360.com,Male,203.207.42.156
731,Arne,Wherrit,awherritka@wordpress.org,Female,63.170.252.130
732,Emmit,Giles,egileskb@jugem.jp,Male,101.182.253.94
733,Dulcine,Sidery,dsiderykc@springer.com,Female,183.99.193.165
734,Sheffy,Punt,spuntkd@narod.ru,Female,235.160.186.112
735,Carol-jean,Kilty,ckiltyke@gnu.org,Male,227.120.89.51
736,Sylvester,Blazek,sblazekkf@skyrock.com,Male,70.151.122.118
737,Lorens,Bimson,lbimsonkg@statcounter.com,Female,214.65.93.152
738,Sheeree,Grimmer,sgrimmerkh@typepad.com,Male,44.139.206.60
739,Chic,Robinson,crobinsonki@sakura.ne.jp,Male,173.22.39.167
740,Ave,Lathey,alatheykj@columbia.edu,Male,156.209.70.31
741,Danella,Benmore,dbenmorekk@latimes.com,Female,218.151.11.105
742,Killian,Scrivner,kscrivnerkl@unblog.fr,Bigender,33.22.137.89
743,Tobin,Willcock,twillcockkm@diigo.com,Male,183.25.158.59
744,Maybelle,Myles,mmyleskn@trellian.com,Male,85.18.202.32
745,Trace,Houldey,thouldeyko@techcrunch.com,Male,96.3.82.80
746,Rita,Roubert,rroubertkp@howstuffworks.com,Male,59.64.144.248
747,Eugenius,Ringe,eringekq@xing.com,Female,136.219.27.146
748,Karlik,Newbegin,knewbeginkr@usgs.gov,Male,103.141.34.90
749,Robena,Stainland,rstainlandks@cbsnews.com,Female,213.11.228.146
750,Deina,Coie,dcoiekt@forbes.com,Female,243.141.238.52
751,Sibel,Ashment,sashmentku@posterous.com,Genderfluid,164.168.120.4
752,Hoyt,Heater,hheaterkv@163.com,Male,218.175.40.11
753,Barty,Ludmann,bludmannkw@shutterfly.com,Male,61.250.45.17
754,Rasla,Wiper,rwiperkx@craigslist.org,Female,58.85.9.54
755,Clary,Hourstan,chourstanky@quantcast.com,Male,43.159.66.102
756,Robinet,Udall,rudallkz@biblegateway.com,Female,76.157.112.208
757,Glenda,Gartell,ggartelll0@com.com,Male,78.221.166.166
758,Barthel,Ledeker,bledekerl1@ibm.com,Female,62.2.71.219
759,Darrelle,Lamyman,dlamymanl2@vistaprint.com,Female,47.107.204.187
760,Adina,Wyllis,awyllisl3@paginegialle.it,Male,137.169.51.60
761,Josefina,Vye,jvyel4@seattletimes.com,Female,122.6.135.83
762,Chadwick,Tolliday,ctollidayl5@comsenz.com,Male,158.139.229.226
763,Orin,Dymick,odymickl6@yahoo.com,Female,41.73.250.223
764,Lauri,McNevin,lmcnevinl7@xinhuanet.com,Male,22.187.224.200
765,Blaine,D'Elias,bdeliasl8@icq.com,Female,108.135.250.2
766,Celestyna,Nezey,cnezeyl9@tripod.com,Polygender,23.226.67.63
767,Taddeusz,Georgelin,tgeorgelinla@msu.edu,Female,147.224.59.144
768,Susannah,Cuttler,scuttlerlb@bing.com,Male,201.156.67.35
769,Elsie,Vermer,evermerlc@gravatar.com,Female,49.50.138.36
770,Karel,Patry,kpatryld@nbcnews.com,Female,126.73.204.59
771,Sharline,Shillum,sshillumle@canalblog.com,Female,246.200.102.250
772,Christine,Arkow,carkowlf@hp.com,Female,195.235.117.40
773,Kara-lynn,Garlette,kgarlettelg@ft.com,Male,82.100.111.49
774,Ruperta,Olek,roleklh@about.com,Female,194.92.141.134
775,Conn,Saladino,csaladinoli@usda.gov,Female,200.196.116.2
776,Gaelan,Rittmeyer,grittmeyerlj@netlog.com,Male,104.222.206.23
777,Alexa,Huchot,ahuchotlk@icio.us,Female,117.54.176.72
778,Tremaine,Moodie,tmoodiell@mysql.com,Female,230.43.218.61
779,Celinka,Guyton,cguytonlm@dell.com,Male,216.158.150.87
780,Uriel,Raubenheimers,uraubenheimersln@ning.com,Female,95.29.63.200
781,Zorine,Holyland,zholylandlo@constantcontact.com,Female,197.185.245.100
782,Jocko,Eldershaw,jeldershawlp@shop-pro.jp,Male,4.240.191.246
783,Winny,Flannigan,wflanniganlq@japanpost.jp,Female,162.89.214.228
784,Sophi,Antonovic,santonoviclr@smh.com.au,Male,24.77.193.42
785,Trumann,Pauer,tpauerls@google.com.br,Male,237.95.57.99
786,Frazer,Crauford,fcraufordlt@scientificamerican.com,Male,154.7.32.76
787,Gus,Poundford,gpoundfordlu@weebly.com,Female,210.10.230.110
788,Nydia,Le Leu,nleleulv@sfgate.com,Polygender,163.16.171.20
789,Caril,Powlett,cpowlettlw@tuttocitta.it,Male,4.201.131.26
790,Saul,Dusting,sdustinglx@webs.com,Female,21.69.54.242
791,Hart,Ackery,hackeryly@digg.com,Female,103.58.90.247
792,Rudiger,De Vile,rdevilelz@parallels.com,Male,127.196.10.185
793,Virgina,Woodison,vwoodisonm0@craigslist.org,Female,115.238.124.164
794,Freemon,Linton,flintonm1@fc2.com,Female,44.60.32.78
795,Fiona,Baroche,fbarochem2@ycombinator.com,Female,250.118.46.122
796,Lusa,Benez,lbenezm3@google.ru,Male,136.91.118.155
797,Rina,Pibworth,rpibworthm4@senate.gov,Male,200.135.80.176
798,Raine,Imbrey,rimbreym5@wunderground.com,Male,15.250.42.50
799,Tamas,Lark,tlarkm6@live.com,Female,181.227.128.236
800,Lara,Evenden,levendenm7@vimeo.com,Male,138.177.6.45
801,Rhona,Rime,rrimem8@blogtalkradio.com,Female,22.1.49.106
802,Allie,Athersmith,aathersmithm9@ehow.com,Male,147.149.118.182
803,Ramsey,Rosendahl,rrosendahlma@home.pl,Male,75.70.62.122
804,Georgianne,Dayes,gdayesmb@businessinsider.com,Female,116.116.106.224
805,Charmain,Puller,cpullermc@skyrock.com,Male,57.126.87.142
806,Bryant,Eamer,beamermd@time.com,Female,78.114.111.121
807,Evaleen,Tomicki,etomickime@joomla.org,Male,45.103.8.229
808,Tris,Davenell,tdavenellmf@domainmarket.com,Female,173.174.146.81
809,Chance,Huot,chuotmg@nationalgeographic.com,Female,243.153.52.31
810,Artie,Burless,aburlessmh@yolasite.com,Female,33.2.71.46
811,Terri,Livingston,tlivingstonmi@economist.com,Female,182.162.191.8
812,Napoleon,Chase,nchasemj@1688.com,Female,248.229.219.53
813,Batsheva,Joire,bjoiremk@liveinternet.ru,Male,177.42.83.88
814,Timmie,Lilywhite,tlilywhiteml@si.edu,Female,175.41.214.106
815,Rica,Wilkenson,rwilkensonmm@linkedin.com,Male,45.134.141.247
816,Marleah,Mariaud,mmariaudmn@springer.com,Genderqueer,65.177.233.117
817,Elise,Piggott,epiggottmo@wired.com,Male,69.137.215.221
818,Reg,Tallach,rtallachmp@ameblo.jp,Female,80.79.73.4
819,Andra,Darrigrand,adarrigrandmq@bandcamp.com,Male,100.78.164.7
820,Margeaux,Beals,mbealsmr@nydailynews.com,Female,193.85.202.175
821,Hyacinthia,Lilbourne,hlilbournems@mysql.com,Female,127.209.224.93
822,Justen,Hussy,jhussymt@multiply.com,Male,129.133.236.254
823,Florinda,Caveney,fcaveneymu@discovery.com,Female,236.160.174.31
824,Mack,Allatt,mallattmv@addtoany.com,Male,30.168.20.38
825,Codee,Kield,ckieldmw@bigcartel.com,Male,238.35.190.79
826,Bernarr,Grzegorczyk,bgrzegorczykmx@sbwire.com,Female,149.27.235.133
827,Gertrud,Howsley,ghowsleymy@nytimes.com,Female,96.82.46.131
828,Marco,Hughf,mhughfmz@blogs.com,Female,133.20.22.33
829,Prentiss,Cayzer,pcayzern0@cnet.com,Female,184.252.88.193
830,Luz,Vautrey,lvautreyn1@nps.gov,Male,230.236.127.120
831,Christian,Obbard,cobbardn2@icq.com,Genderqueer,148.171.60.27
832,Ursuline,Stollenwerck,ustollenwerckn3@ezinearticles.com,Male,55.247.212.252
833,Marigold,Scholer,mscholern4@goo.gl,Male,118.44.81.214
834,Cody,Colgan,ccolgann5@businessinsider.com,Male,234.50.32.180
835,Doralin,Leeuwerink,dleeuwerinkn6@vimeo.com,Female,188.114.156.155
836,Veronica,Giroldo,vgiroldon7@unc.edu,Male,97.128.166.115
837,Mady,Edinburough,medinburoughn8@shinystat.com,Male,94.183.120.97
838,Trenton,Kilpin,tkilpinn9@tmall.com,Female,134.220.133.186
839,Rowe,Phettiplace,rphettiplacena@cornell.edu,Male,217.178.27.221
840,Rebeka,Harrold,rharroldnb@umn.edu,Male,131.113.101.51
841,Allister,O'Crevy,aocrevync@bloglines.com,Female,165.252.21.105
842,Goddart,Blasiak,gblasiaknd@godaddy.com,Female,223.107.166.26
843,Miller,Phythian,mphythianne@zdnet.com,Female,179.85.8.14
844,Ban,Heading,bheadingnf@ox.ac.uk,Male,229.9.211.172
845,Gwenneth,Trye,gtryeng@hostgator.com,Male,124.69.167.95
846,Hebert,Creavin,hcreavinnh@g.co,Female,186.113.39.230
847,Roy,Petschel,rpetschelni@sogou.com,Female,143.111.102.137
848,Gratia,Handy,ghandynj@accuweather.com,Female,121.29.221.198
849,Tabina,Ciric,tciricnk@phpbb.com,Male,86.66.113.135
850,Fulvia,Iskower,fiskowernl@purevolume.com,Female,246.112.164.5
851,Forest,Van Der Weedenburg,fvanderweedenburgnm@geocities.com,Female,63.34.117.234
852,Rosita,Golledge,rgolledgenn@nature.com,Male,170.38.179.45
853,Wadsworth,Castro,wcastrono@indiegogo.com,Female,49.81.115.211
854,Carlynn,Hurll,churllnp@altervista.org,Male,253.250.138.208
855,Harmonie,Simonelli,hsimonellinq@simplemachines.org,Female,191.50.106.176
856,Bebe,Lamming,blammingnr@stumbleupon.com,Female,121.85.9.112
857,Linus,Sorsby,lsorsbyns@businessweek.com,Male,157.14.109.179
858,Guendolen,Madgwich,gmadgwichnt@networkadvertising.org,Bigender,48.221.149.227
859,Rori,Turfes,rturfesnu@craigslist.org,Female,115.21.140.184
860,Nettie,Dipple,ndipplenv@nytimes.com,Non-binary,101.233.126.83
861,Bartolomeo,Wardale,bwardalenw@xing.com,Male,160.241.46.50
862,Corly,Keely,ckeelynx@simplemachines.org,Male,57.80.134.212
863,Jobye,Gladtbach,jgladtbachny@constantcontact.com,Male,253.254.66.222
864,Minnie,How,mhownz@loc.gov,Female,162.59.94.183
865,Arnuad,Songust,asongusto0@slideshare.net,Male,103.89.59.158
866,Adah,ducarme,aducarmeo1@comcast.net,Male,80.90.36.107
867,Benedict,Polleye,bpolleyeo2@auda.org.au,Non-binary,120.23.70.248
868,Gianna,Flanagan,gflanagano3@nationalgeographic.com,Female,239.113.114.15
869,Diarmid,Grinyov,dgrinyovo4@va.gov,Female,213.20.52.145
870,Brandy,Bacon,bbacono5@wp.com,Female,34.138.76.248
871,Tobye,Martinello,tmartinelloo6@hp.com,Female,203.94.46.43
872,Orv,Outram,ooutramo7@cnet.com,Female,106.129.80.213
873,Betsy,Braithwait,bbraithwaito8@purevolume.com,Female,77.247.46.67
874,Vitia,Binham,vbinhamo9@wunderground.com,Male,249.96.184.166
875,Katerina,Clace,kclaceoa@cloudflare.com,Male,60.106.45.176
876,Lorna,Gittoes,lgittoesob@wired.com,Female,64.162.79.201
877,Sheena,Diegan,sdieganoc@twitpic.com,Female,20.163.38.193
878,Yard,Baud,ybaudod@1und1.de,Female,41.81.86.14
879,Verina,Groger,vgrogeroe@lycos.com,Female,63.21.33.11
880,Corrie,Kohnen,ckohnenof@topsy.com,Female,5.168.250.102
881,Nealy,Thoma,nthomaog@theguardian.com,Male,194.13.107.23
882,Inger,Town,itownoh@nydailynews.com,Female,167.133.91.104
883,Emile,Blannin,eblanninoi@tinypic.com,Male,213.23.241.95
884,Samara,Giacometti,sgiacomettioj@globo.com,Male,22.4.38.93
885,Adela,Navarre,anavarreok@sogou.com,Female,198.82.231.48
886,Alejoa,Gooley,agooleyol@amazon.co.uk,Male,131.230.22.171
887,Cayla,Wickman,cwickmanom@wiley.com,Male,148.131.114.187
888,Marcello,Vittery,mvitteryon@surveymonkey.com,Male,184.139.132.102
889,Nonna,Clemon,nclemonoo@fema.gov,Male,97.91.112.10
890,Ardeen,Gapper,agapperop@engadget.com,Male,154.232.240.79
891,Shae,Delacoste,sdelacosteoq@alexa.com,Female,39.244.189.146
892,Denise,Eckert,deckertor@alibaba.com,Male,195.17.165.65
893,Brad,Ivanyutin,bivanyutinos@bbb.org,Male,236.53.181.113
894,Tad,Harback,tharbackot@washingtonpost.com,Female,150.102.6.46
895,Corby,Sherrum,csherrumou@goodreads.com,Female,134.39.17.190
896,Babita,Bartelet,bbarteletov@gizmodo.com,Male,12.22.195.94
897,Roderick,Blaxter,rblaxterow@symantec.com,Female,189.237.17.22
898,Dara,Tower,dtowerox@ihg.com,Bigender,226.238.123.184
899,Hagen,Thorwarth,hthorwarthoy@php.net,Male,226.204.236.122
900,Cornell,Mallord,cmallordoz@ask.com,Female,42.234.199.209
901,Enrica,Maine,emainep0@google.ca,Female,193.129.41.109
902,Tomaso,Nurdin,tnurdinp1@hhs.gov,Genderfluid,40.151.67.71
903,Jewel,Belcher,jbelcherp2@posterous.com,Male,196.75.155.229
904,Elberta,Chaff,echaffp3@youtube.com,Female,115.153.164.185
905,Ashil,Cardus,acardusp4@loc.gov,Female,114.4.241.77
906,Grayce,Lindeboom,glindeboomp5@icq.com,Female,240.253.95.61
907,Dylan,Headrick,dheadrickp6@mashable.com,Male,142.156.193.204
908,Irv,Tomkinson,itomkinsonp7@163.com,Female,148.161.104.159
909,Irving,Tomovic,itomovicp8@indiatimes.com,Male,45.89.125.43
910,Stanly,Gotcliff,sgotcliffp9@guardian.co.uk,Male,13.120.114.34
911,Kizzie,Salters,ksalterspa@last.fm,Male,150.84.119.42
912,Lucky,McOwan,lmcowanpb@apple.com,Male,139.123.71.72
913,Mirelle,Sappy,msappypc@loc.gov,Female,99.133.0.22
914,Grace,Danbury,gdanburypd@tinyurl.com,Male,218.75.146.43
915,Ignaz,Purnell,ipurnellpe@amazon.co.uk,Male,252.3.224.100
916,Julius,Benet,jbenetpf@fda.gov,Female,152.81.168.86
917,Rosina,Shambrooke,rshambrookepg@google.de,Female,3.196.108.75
918,Saba,Gepp,sgeppph@1und1.de,Female,232.32.101.201
919,Isidora,Martell,imartellpi@trellian.com,Female,41.152.81.62
920,Kaylil,Aisbett,kaisbettpj@ted.com,Male,92.87.139.46
921,Meir,Pougher,mpougherpk@woothemes.com,Male,14.195.228.255
922,Roxana,Graal,rgraalpl@cloudflare.com,Male,45.73.68.207
923,Tucker,Rushbrooke,trushbrookepm@icio.us,Male,190.243.71.123
924,Cobb,Braun,cbraunpn@cmu.edu,Male,144.17.12.29
925,Donni,Giacomello,dgiacomellopo@cam.ac.uk,Female,10.248.220.142
926,Jammal,Swyndley,jswyndleypp@freewebs.com,Genderfluid,163.2.91.47
927,Lilyan,Doley,ldoleypq@jugem.jp,Male,199.79.32.12
928,Darline,Beek,dbeekpr@admin.ch,Male,142.244.179.73
929,Isac,Cheeld,icheeldps@goo.gl,Bigender,245.19.192.142
930,Benson,Hambright,bhambrightpt@e-recht24.de,Female,61.96.90.197
931,Melba,Kassel,mkasselpu@seesaa.net,Male,199.99.126.37
932,Josiah,Pykerman,jpykermanpv@mysql.com,Female,160.103.235.179
933,Margery,Spittles,mspittlespw@studiopress.com,Genderqueer,63.116.162.150
934,Bobbie,Goodboddy,bgoodboddypx@upenn.edu,Female,57.99.155.189
935,Ellis,Roden,erodenpy@yelp.com,Female,138.208.172.190
936,Franklin,Cartmale,fcartmalepz@ucoz.com,Female,167.92.198.187
937,Denni,Serrurier,dserrurierq0@themeforest.net,Male,118.195.221.27
938,Betsy,Hearle,bhearleq1@gnu.org,Female,41.57.74.38
939,Ruttger,Frantsev,rfrantsevq2@posterous.com,Female,197.48.160.167
940,Opal,Kubat,okubatq3@reference.com,Female,22.121.242.9
941,Tiebout,Dykins,tdykinsq4@shinystat.com,Male,136.72.77.48
942,Alejandrina,Franzonetti,afranzonettiq5@cocolog-nifty.com,Female,108.17.10.130
943,Tobiah,Sisnett,tsisnettq6@mail.ru,Male,123.42.118.138
944,Luelle,Jewel,ljewelq7@t.co,Female,13.230.117.225
945,Hadleigh,Rozycki,hrozyckiq8@qq.com,Polygender,135.115.147.23
946,Randall,Yankeev,ryankeevq9@wikipedia.org,Bigender,187.28.167.186
947,Madella,Tomsa,mtomsaqa@umn.edu,Male,106.180.34.101
948,Doralin,Goundry,dgoundryqb@lulu.com,Female,19.188.205.168
949,Lona,Pedlow,lpedlowqc@shutterfly.com,Female,195.26.42.14
950,Lizette,Tincey,ltinceyqd@state.tx.us,Female,129.144.102.84
951,Cecilla,Margach,cmargachqe@apache.org,Male,60.236.228.142
952,Vassily,Tocher,vtocherqf@hugedomains.com,Male,60.77.52.127
953,Findlay,Garnsworth,fgarnsworthqg@hud.gov,Male,129.180.213.58
954,Marna,Bottjer,mbottjerqh@slashdot.org,Non-binary,62.186.205.197
955,Giraud,Itzkovitch,gitzkovitchqi@ycombinator.com,Male,150.127.53.221
956,Benetta,McDoual,bmcdoualqj@bbc.co.uk,Genderqueer,172.141.130.107
957,Had,Johnke,hjohnkeqk@xinhuanet.com,Male,168.112.237.195
958,Cleo,Gunny,cgunnyql@example.com,Male,117.121.96.93
959,Mirilla,McAviy,mmcaviyqm@nps.gov,Male,139.145.70.84
960,Bryce,Kinloch,bkinlochqn@usatoday.com,Polygender,220.192.147.164
961,Nowell,Collough,ncolloughqo@mtv.com,Agender,148.112.247.230
962,Francine,Eykelbosch,feykelboschqp@eventbrite.com,Genderfluid,134.58.124.26
963,Hodge,Mintoff,hmintoffqq@360.cn,Female,10.163.53.137
964,Ray,Tyrie,rtyrieqr@senate.gov,Male,213.75.93.159
965,Andre,Wyborn,awybornqs@state.tx.us,Male,226.194.109.61
966,Elaina,Bredee,ebredeeqt@flickr.com,Female,117.65.16.246
967,Meara,Lacroux,mlacrouxqu@indiatimes.com,Female,67.230.118.237
968,Nicola,Blackstock,nblackstockqv@theatlantic.com,Male,63.87.60.93
969,Hinda,Backshill,hbackshillqw@nih.gov,Male,238.200.83.25
970,Alfonso,Pautard,apautardqx@japanpost.jp,Female,165.16.19.255
971,Alejandrina,Claessens,aclaessensqy@umn.edu,Male,79.202.4.8
972,Peterus,Antoniat,pantoniatqz@discovery.com,Female,141.233.27.27
973,Gretta,Cornilleau,gcornilleaur0@cisco.com,Male,4.214.161.12
974,Briggs,Couling,bcoulingr1@ibm.com,Male,83.205.21.132
975,Baird,Klimaszewski,bklimaszewskir2@youtube.com,Female,121.55.253.85
976,Elijah,Plaster,eplasterr3@umich.edu,Female,91.34.80.72
977,Evangelia,Wallach,ewallachr4@gnu.org,Agender,177.216.14.72
978,Jehanna,Yellep,jyellepr5@princeton.edu,Female,46.120.171.32
979,Aggy,Dongall,adongallr6@nydailynews.com,Male,59.182.31.197
980,Baxy,Kropp,bkroppr7@lulu.com,Male,89.201.98.53
981,Graehme,Ferrario,gferrarior8@gmpg.org,Male,79.57.202.212
982,Leena,Macquire,lmacquirer9@acquirethisname.com,Male,94.83.52.174
983,Minor,Avrahamy,mavrahamyra@istockphoto.com,Agender,133.211.204.94
984,Twyla,Jeskins,tjeskinsrb@histats.com,Female,127.116.132.160
985,Richmound,Sawell,rsawellrc@arstechnica.com,Male,126.113.229.171
986,Wiatt,Rosenzwig,wrosenzwigrd@vimeo.com,Polygender,81.62.62.48
987,Mac,Roze,mrozere@archive.org,Male,149.6.81.191
988,Toddy,Alfonso,talfonsorf@so-net.ne.jp,Male,234.21.98.223
989,Silvester,Sturror,ssturrorrg@weibo.com,Female,240.125.73.135
990,Christyna,Airdrie,cairdrierh@theatlantic.com,Male,118.68.102.99
991,Gelya,Worthing,gworthingri@bigcartel.com,Male,107.40.130.223
992,Ramsay,Alenin,raleninrj@furl.net,Genderfluid,49.101.7.79
993,Devan,Cutchie,dcutchierk@reference.com,Male,25.6.243.73
994,Wald,Chominski,wchominskirl@adobe.com,Non-binary,170.41.206.254
995,Quintin,Molloy,qmolloyrm@google.pl,Female,212.243.49.31
996,Alaster,Wyldbore,awyldborern@sohu.com,Male,146.164.149.28
997,Marcy,Stoneley,mstoneleyro@squidoo.com,Female,43.37.158.28
998,Crosby,Kelwick,ckelwickrp@t.co,Male,143.125.225.157
999,Cleon,Foch,cfochrq@dion.ne.jp,Female,26.47.50.245
1000,Ashlee,Stoeck,astoeckrr@cargocollective.com,Female,242.86.183.227
